<?xml version="1.0" encoding="UTF-8"?>
<beans xmlns="http://www.springframework.org/schema/beans"
	xmlns:xsi="http://www.w3.org/2001/XMLSchema-instance"
	xmlns:p="http://www.springframework.org/schema/p"
	xsi:schemaLocation="http://www.springframework.org/schema/beans http://www.springframework.org/schema/beans/spring-beans-3.0.xsd">
	<bean id="eid" class="com.testbug.soultions.Engine">
		<property name="engine_Id" value="45677"></property>
		<property name="engine_Name" value="Honda"></property>
		<property name="hourse_Power" value="H204"></property>
	</bean>
	<bean id="bid" class="com.testbug.soultions.BMWImp">
		<property name="id" value="5555"></property>
		<property name="color" value="Red"></property>
		<property name="model" value="H288"></property>
		<property name="engine" ref="eid"></property>
		<property name="wheels">
			<list>
				<value>wheel1</value>
				<value>wheel12</value>
				<value>wheel3</value>
				<value>wheel4</value>
			</list>
		</property>
	</bean>
</beans>