<?xml version="1.0" encoding="UTF-8"?>
<!DOCTYPE beans PUBLIC "-//SPRING//DTD BEAN 2.0//EN"
        "http://www.springframework.org/dtd/spring-beans-2.0.dtd">

<beans>

	<bean id="id" class="com.testbug.Engiene">
		<property name="eid" value="100"></property>
		<property name="ename" value="batman"></property>
		<property name="horsePower" value="H2500"></property>
	</bean>

	<bean id="bmid" class="com.testbug.BMW">
		<property name="bid" value="200"></property>
		<property name="color" value="red"></property>
		<property name="model" value=" BMW7 "></property>
		<property name="eng" ref= "id"></property>
		
		<property name="wheels">
			<list>
				<value>wheels1</value>
				<value>wheels2</value>
				<value>wheels3</value>
				<value>wheels4</value>
			</list>
		</property>

	</bean>








</beans>